track,artist,valence_tags,arousal_tags,dominance_tags,genre,emotion,tags
Falling In Love Again,Blackstreet,7.353333333333333,6.37,6.306666666666667,hip hop,happy,"['rnb', '1994', 'hip hop', 'sexy', 'Love', '90s', 'truth', 'slow jams', 'sexual', 'contemporary rnb']"
Blasphemer,Lucifers Crossing,3.172857142857143,4.494285714285715,3.4685714285714284,metal,sad,"['metal', 'rock', 'horror', 'marilyn manson', 'electronic', 'dark', 'death', 'satanic', 'Pagan', 'industrial metal']"
Justify My Love (porno mix) Rare,Madonna,6.64,6.95,7.0,unknown,happy,"['remix', 'sexual', 'Rare', 'Madonna', 'porno mix']"
One,Aimee Mann,4.6836752136752136,3.50017094017094,5.018205128205127,soundtrack,sad,"['female vocalists', 'Soundtrack', 'singer-songwriter', 'cover', 'alternative', 'covers', 'Aimee Mann', 'indie', 'Mellow', 'Magnolia']"
Roads Untraveled,Linkin Park,3.6526315789473687,3.9821052631578944,4.387368421052631,alternative rock,sad,"['alternative rock', 'rock', 'electronic rock', 'alternative', 'Linkin Park', 'crying while listening', '2012', 'sad', 'life', 'perfect']"
Two Skaters,Nits,2.86,2.045,2.555,pop,sad,"['pop', 'new wave', '80s', 'post-punk', 'atmospheric', 'dutch', 'live', 'radio paradise', 'radioparadise', 'Numerical Titillation']"
I'll be seeing you,Frank Sinatra,7.336213592233008,4.50252427184466,6.4936893203883495,jazz,happy,"['jazz', 'vocal', 'easy listening', 'romantic', 'beautiful', 'lounge', 'oldies', 'male vocalists', 'crooners', 'favorites']"
Teen Angel,Frankie Lymon and The Teenagers,3.61,3.01,3.145,unknown,sad,"['intimate', 'unsettling', 'Golden greats of feel-good depression']"
City Theme,Vanessa-Mae,6.46,5.41,6.95,classical,happy,"['instrumental', 'Classical', 'violin', 'contemporary classical', 'Vanessa-Mae', 'female', '80s', 'Fusion', 'strings', 'Recommended']"
"Pedraforca, Terra De Bruixes",Narsilion,5.288260869565217,4.629565217391304,4.901304347826087,soundtrack,happy,"['Soundtrack', 'noise', 'trance', 'classic rock', 'test', 'black metal', 'Female fronted metal', 'metalcore', 'marilyn manson', 'nu jazz']"
Blues For Marili ( LP Version ),T-Bone Walker,3.05,3.05,5.79,unknown,sad,"['blues guitar', 'lazy']"
When You Have A Faint Heart,The Harvest Ministers,3.236666666666667,2.87,3.43,sad,sad,"['heart flood', 'sad', 'romantic', 'beautiful', 'literate']"
OnceBittenTwiceShy,Poison,3.85,5.64,4.6,unknown,sad,['sleazy']
Desperate Guys,The Faint,6.605409836065574,5.242622950819673,5.639344262295082,electronic,happy,"['electronic', 'indie', 'dance', 'new wave', 'electronica', 'electro', 'The Faint', 'alternative', 'indie rock', 'fun']"
1 A.M.,Beautiful Creatures,3.850000000000001,5.64,4.6,hard rock,sad,"['hard rock', 'rock', 'alternative metal', 'alternative rock', 'Dj Ashba', 'metal', 'Glam Metal', 'sleaze rock', 'beautiful creatures', 'alternative']"
The Feeling,Puressence,6.55,5.535,6.035,pop,happy,"['pop', 'sexy', 'britpop', 'orchestral', 'songwriter', 'favourite', 'stylish', 'kleine helfer 2']"
Beyond You,Marillion,6.584999999999999,5.9750000000000005,5.344999999999999,progressive rock,happy,"['Progressive rock', 'beautiful', 'rock', 'Love', '90s', 'art rock', 'dramatic', 'Favourites', 'fucked up', 'neo progressive']"
Tomorrow Is Already Here,Stereolab,5.336666666666666,3.87,4.723333333333334,indie,happy,"['indie', 'post-rock', 'alternative', 'stereolab', 'indie pop', 'indie electronic', 'dotz', 'electronica', 'ambient', 'indie rock']"
On A Beach,Richard Ashcroft,6.83234375,3.7840625,6.471171875,britpop,happy,"['britpop', 'rock', 'alternative', 'Ashcroft', 'indie', 'british i like', 'The Verve', 'beautiful', 'Mellow', 'amazing']"
El Pito,Joe Cuba,4.16,4.88,4.7,latin,sad,"['latin', 'Dizzy Gillespie', 'Manteca', 'jazz fusion', 'hot', '4', 'latin jazz', 'whistling', 'boogaloo', 'Rowdy']"
Riding The Drag,The Narcotic Daffodils,3.52,4.38,3.45,pop,sad,"['pop', 'rock', 'Belgium', 'music', 'records', 'narcotic', 'fakto']"
Shukuru,Pharoah Sanders,5.29,3.48,5.61,jazz,happy,"['jazz', '80s', 'favorites', 'beautiful', 'sax', 'saxophone', 'jazz fusion', 'nocturnal', '1985', 'pharoah sanders']"
Let's Get Ourselves Together (Millenium Mix),Santana,6.57,5.04,5.79,unknown,happy,"['mystical', 'desertmovies']"
The Things That I Used To Do,G. Love & Special Sauce,4.4458940397351,3.350132450331126,5.849801324503311,blues,sad,"['blues', 'Hip-Hop', 'alternative', 'funk', 'alternative rock', 'G Love', 'jazz', 'Mellow', 'male vocalists', 'leapsandbounds CDCollection']"
Walk of Shame,Thee More Shallows,3.555,5.285,4.085,indie,sad,"['indie', 'pop', 'rock', 'post-rock', 'krautrock', 'moody', 'waltz', 'eerie']"
Cable TV,"""Weird Al"" Yankovic",7.81,5.33,6.8,comedy,happy,"['comedy', '80s', 'parody', 'pop', 'rock', 'catchy', 'cover', 'eighties', 'novelty', ""80's""]"
Dead Eyes,aktivehate,1.575,1.66,1.575,dark electro,sad,"['dark electro', 'ethereal', 'ebm', 'terror ebm', 'gloomy', 'melodramatic', 'DarkLight', 'jarry']"
Dust,Ainslie Henderson,3.515,4.065,4.07,unknown,sad,"['seen live', 'beautiful', 'melancholy', 'brooding', 'aching', 'almost favourite songs']"
Political,Halou,5.858999999999999,2.849,5.256,trip-hop,happy,"['trip-hop', 'female vocalists', 'chillout', 'ambient', 'electronic', 'downtempo', 'beautiful', 'chill', 'indie electronic', 'Retro']"
Close-Up,Charles Wilp,6.32,5.13,6.18,bajki,happy,"['sophisticated', 'never heard of the centre of the world', 'bajki']"
i don't want to,Lola Demo,2.75,5.75,4.73,indie,sad,"['indie', 'alternative', 'pop', 'singer-songwriter', 'singer songwriter', 'female vocal', 'lo fi', 'Trashy']"
Dos,Chevelle,6.325681818181818,5.569318181818182,6.062954545454545,alternative rock,happy,"['alternative rock', 'rock', 'hard rock', 'indie', 'alternative', '90s', 'amazing', 'favourite', 'chevelle', 'alternative vocals']"
Spooky Boogie,Gentle Giant,3.77609375,3.1606250000000005,3.520156249999999,progressive rock,sad,"['Progressive rock', 'instrumental', 'rock', 'halloween', 'gentle giant', 'recommended by hypnochicken', '70s', 'prog', 'Symphonic Rock', 'spooky']"
And I Dreamt of You,Underoath,6.6225,5.84,5.595000000000001,metalcore,happy,"['metalcore', 'screamo', 'hardcore', 'deathcore', 'black metal', 'emo', 'Melodic Death Metal', 'melodic black metal', 'wraugh', 'metal']"
Napoleon (Re-recorded version),Ani DiFranco,6.134999999999999,5.21,6.53,alternative,happy,"['alternative', 'female vocalists', 'indie pop', 'Progressive rock', 'singer-songwriter', 'favorites', 'Passionate', 'poignant', 'Good Stuff', 'Hauskaa']"
Detroit City,Alice Cooper,4.24,5.19,5.349999999999999,hard rock,sad,"['hard rock', 'classic rock', 'rock', 'Alice Cooper', '2003', 'feel good', 'detroit', 'old school', 'Garage Rock', 'places']"
alcohol,カヒミ・カリィ,5.278440366972477,4.873761467889907,4.532981651376146,rock,happy,"['japanese', 'rock', 'female vocalists', 'JPop', 'drugs', 'boring', 'garbage', 'idiot', 'hipster', 'generic']"
Come un sospiro,Yanni,7.0,4.43,5.95,drama,happy,"['elegant', '8 of 10 stars', 'emotion', 'drama', 'classy']"
Em Nagoya Eu Vi Eriko,Seu Jorge,8.0,5.76,7.32,reggae,happy,"['brasil', 'reggae', 'world', 'summer', 'Bossa Nova', 'cheerful', 'fip', 'on an island above', 'krut']"
Shoot First,moe.,3.05,3.05,5.79,rock,sad,"['Jam', 'rock', 'jam band', 'country rock', 'lazy', 'moe']"
Nataraj - Black Phone,Jai Uttal,4.9799999999999995,2.49,4.325,mantra,sad,"['Indian Fusion', 'mantra', 'world', 'Meditation', 'electronic', 'ambient', 'yoga', 'Kirtan', 'trance', 'chillout']"
"Beloved, You've come Today- Tumi Je Esecho Aj",JYosna La Trobe,2.91,2.41,3.15,acoustic,sad,"['acoustic', 'spiritual', 'devotional', 'bhajan']"
2 Ghosts I,Nine Inch Nails,5.2588,3.8392,4.9629,ambient,happy,"['instrumental', 'ambient', 'industrial', 'atmospheric', 'Dark-Ambient', 'electronic', 'rock', 'beautiful', 'industrial rock', 'experimental']"
A Dance With Dragons,Slice the Cake,5.0,5.28,6.24,djent,sad,"['DJENT', 'Progressive', 'deathcore', 'technical', 'Extreme']"
This Moment,Matt Wertz,7.525,3.635,5.84,pop,happy,"['pop', 'singer-songwriter', 'easy listening', 'Matt Wentz', 'alternative rock', 'Love', 'Awesome', 'christian', 'relaxing', 'male vocalists']"
Mad Izm (Featuring KRS-One),Channel Live,5.84,4.633333333333334,5.98,hip-hop,happy,"['Hip-Hop', '90s', 'underground', 'witty', 'Brash', 'Bravado', 'classic hip-hop', 'mad izm']"
Pedal Steel,Stephen Kellogg & the Sixers,5.9,3.81,6.67,unknown,happy,"['earnest', 'stuck in my head for days at a time']"
Suzy & Jeffrey,Blondie,4.932,3.814,4.686,new wave,sad,"['new wave', 'pop', '80s', 'punk', '1980', 'debbie harry', 'Blondie', 'Songs with names', 'rock', '70s']"
Maenam,Jami Sieber,4.5912500000000005,3.4137500000000003,4.976249999999999,cello,sad,"['braid', 'cello', 'ambient', 'Meditation', 'meditative', 'instrumental', 'world', 'Mellow', 'ethereal', 'relaxing']"
Sun,Cabinet of Natural Curiosities,6.269,3.711,5.602,folk,happy,"['folk', 'indie', 'acoustic', 'Dreamy', '00s', 'hayfields and sunshine', 'female vocalists', 'Lo-Fi', 'bells', 'haunting']"
Love Changes,Stevie Nicks,5.2299999999999995,4.865,4.960000000000001,rock,happy,"['rock', 'female vocalists', 'soft rock', 'classic rock', 'pop', 'Love', 'easy listening', 'rock n roll', 'heartbreak', 'Pop-Rock']"
Stand Up And Shout,The Tubes,2.7425,3.395,3.935,rock,sad,"['rock', 'classic rock', '70s', 'alternative', 'alternative rock', 'hard rock', 'Progressive rock', 'album rock', 'Experimental Rock', 'blues']"
Light's On,Secret Machines,3.725,2.095,3.5,indie rock,sad,"['indie rock', 'seen live', 'indie', 'rock', 'electronic', 'space rock', 'loved', 'Favourites', 'Future Rock', 'Party on']"
Saturday Night,McFly,7.569999999999999,6.1,5.8100000000000005,pop,happy,"['pop', 'pop rock', 'McFly', 'british', 'rock', 'rock n roll', 'britpop', 'power pop', 'UK', 'easy listening']"
my head is in the couch so don't cut it off,5 Animals At The Zoo Eating Grass,5.054,5.376,5.328,noise,happy,"['noise', 'experimental', 'strange', 'weird', 'avant garde', 'Avant-Garde', 'no wave', 'check out', 'noisecore', 'post noise']"
Flowers Were Real,Esa,3.44,5.63,4.04,unknown,sad,['Harsh']
All These Arms,Marching Church,4.115,3.705,3.88,punk,sad,"['punk', 'dark', 'post-punk', 'gloomy']"
Slipping Away,Michael Andrews,4.866746987951807,3.8590361445783135,4.547590361445783,soundtrack,sad,"['Soundtrack', 'Donnie Darko', 'instrumental', 'ambient', 'dark ambient', 'chillout', 'piano', 'Dreamy', 'ost', 'soundtrackgdchill']"
Get On Your Knees,Necro,2.8466666666666667,2.8833333333333337,3.2666666666666666,hip hop,sad,"['hip hop', 'rap', 'Hip-Hop', 'underground hip-hop', 'hiphop', 'underground hip hop', 'Death Rap', 'underground hiphop', 'Necro', 'turntablism']"
Big Bank Dank (ft Blue Scholars),Olu,7.655,4.93,6.485,happy,happy,"['happy', 'underground hip-hop', 'feel good', 'upbeat', 'morning', 'lyrical', 'soundtrack to my life', 'Stoney']"
Survivalism [Remix to Nine Inch Nails],Church of Machinery,3.94,4.36,4.83,industrial rock,sad,"['remix', 'industrial rock', 'dark electro', 'NOT INDUSTRIAL', 'Aggrotech', 'fine', 'gritty', 'shiny', 'DarkLight', 'copycats']"
Set The Controls For The Heart Of The Sun (2011 - Remaster),Pink Floyd,3.964,3.56,3.816,british,sad,"['1968', 'british', 'psychedelic', 'Dreamy', '3', 'art rock', 'Pink Floyd', 'eerie', 'hypnotic', 'spacey']"
"Divertimento No. 17 for 2 Horns & Strings In D, K. 334: Menuetto",Dennis Brain,7.32,4.15,6.45,classical,happy,"['mozart', 'Classical', 'concerto', 'horn', 'Carefree', 'cor', 'cuivre']"
Why the Owl Wins,Skerror,5.55,4.433333333333334,5.216666666666667,ambient,happy,"['female', 'ambient', 'fast', 'dark', 'Warp', 'idm', 'mystery', 'bird', 'cyberpunk', 'dark ambient']"
Tunga,Mamadou Diabate,4.87,2.6566666666666667,4.09,world,sad,"['mali', 'world', 'kora', 'africa', 'african', 'instrumental', 'african blues', 'tunga', 'Classical', 'epic']"
"I Take My Chances (Live - Madison, WI)",Mary Chapin Carpenter,5.55,4.29,6.17,piano rock,happy,"['organic', 'alt folk', 'piano rock', 'en vivo', 'trail mix', 'Clitrock', 'acustica', 'lyrically provocative', 'rachael kt vienna']"
Lose Yourself (8 Mile),Eminem,6.81,5.14,6.54,hip-hop,happy,"['Hip-Hop', 'strong', 'Eminem', 'my music', 'Meaningful', 'Sincere']"
Isora Club,Rubén González,5.707777777777777,3.7266666666666666,5.497777777777777,latin,happy,"['latin', 'cuban', 'piano', 'cuba', 'latin jazz', 'jazz', 'buena vista social club', 'Cuban Jazz', 'chillout', 'dance']"
Earth To Doris,Was (Not Was),7.0,4.43,5.95,pop,happy,"['pop', 'spoken word', 'elegant', 'Songs with names', 'songs that are silly', 'the word earth', 'the word to', 'songs with proper names', 'RT Pearls']"
Visiting,Will Ackerman; William Ackerman,6.55,4.235,6.64,unknown,happy,"['peaceful', 'ambiance', 'poignant', 'finish the night']"
Lounge (Closing Time),Modest Mouse,7.078749999999999,4.108750000000001,6.327500000000001,indie,happy,"['indie', 'indie rock', 'alternative', 'rock', 'alternative rock', 'quirky', '90s', 'Modest Mouse', 'folk', 'experimental']"
Memories,Robert Wyatt,6.601481481481481,4.062296296296296,5.868074074074075,progressive rock,happy,"['Progressive rock', 'jazz', 'rock', 'atmospheric', 'Canterbury', 'Canterbury Scene', 'Dreamy', 'gentle', 'Dream', 'kalijaa']"
The Worst,Shel Silverstein,5.4825,3.7475,4.825,unknown,happy,"['fun', 'lyrical', 'silly', 'childrens', 'goofy', 'bald', 'Shady', 'bearded', 'beard', 'child-like']"
Thank You!!!,Archaic,5.0,5.28,6.24,thrash metal,sad,"['beautiful', 'Awesome', 'thrash metal', 'technical', 'genious', 'progressive thrash metal', 'great riffs']"
Soon As I Get Home,Faith Evans,7.199649122807018,4.608947368421053,6.126842105263157,soul,happy,"['rnb', 'Faith Evans', 'female vocalists', 'soul', 'slow jams', '90s', 'Soon as i get home', 'love songs', 'r and b', 'Love']"
Corduroy,Jaymay,3.34,1.405,3.5,folk,sad,"['folk', 'female vocalists', 'Mellow', 'wistful', 'charming', 'jaymay', 'miss you', 'This song breaks my heart', 'random love', 'indie']"
Alpha Beta Gaga - Mark Ronson Dub,Air,6.32,5.13,6.18,unknown,happy,"['whistling', 'beatz']"
Blaze,Strike Anywhere,7.1450000000000005,5.6274999999999995,6.117499999999999,melodic hardcore,happy,"['melodic hardcore', 'punk', 'punk rock', 'hardcore', 'Energetic', 'Rousing', 'skate punk', 'political punk', 'hardcore punk', 'Pounding']"
Chu Chu Lovely Muni Muni Mura Mura Purin Purin Boron Nurururerorero,Maximum the Hormone,5.11,5.52,5.05,j-rock,happy,"['J-rock', 'japanese', 'J-Metal', 'Fucking Funny', 'hardcore', 'metal', 'punk', 'hyper', 'jrock', 'bang your head on the walls and scream histerically']"
Stan [Live][*],Elton John/Eminem,6.32,3.23,5.61,rap,happy,"['rap', 'narrative', 'Eminem', 'hip-pop']"
Nightshift,Sarah Nixey,3.15,3.32,3.15,electronic,sad,"['electronic', 'rock', 'cover', 'synthpop', 'gloomy', 'unsown', 'justy evil web']"
Embody,Sebastian,8.47,6.049999999999999,7.21,electro,happy,"['electro', 'french', 'french electro', 'french touch', 'electronic', 'ed banger', 'nu disco', 'electronica', 'happy', 'piano']"
Seragaki (Junkie XL remix),Ryukyu Underground,6.267142857142857,4.47,5.371428571428571,chill,happy,"['chill', 'Dreamy', 'Progressive House', 'trance', 'atmospheric', 'great', 'exotic', 'early morning music', 'late night music']"
Atlantis,Color Collapse,6.672631578947368,3.8105263157894735,6.367894736842105,chill,happy,"['chill', 'alternative', 'Dreamy', 'Mellow', 'alt rock', 'underwater', 'experimental', 'Progressive', 'prog rock', 'legend']"
Saturday Nightmares,Logh,6.078333333333333,3.206666666666667,5.808333333333334,post-rock,happy,"['post-rock', 'indie', 'indie rock', 'piano', 'rock', 'swedish', 'postrock', 'Saturday', 'duyster', 'logh']"
London Town,Wings,6.580074074074075,2.7620000000000005,6.679481481481481,pop,happy,"['70s', 'soft rock', 'chillout', 'pop', 'rock', 'singer-songwriter', 'pop rock', 'relaxed', '1978', 'harmony']"
What We Have Known,Joanna Newsom,6.56076923076923,4.601282051282051,5.88025641025641,folk,happy,"['folk', 'female vocalists', 'indie', 'harp', 'singer-songwriter', 'freak folk', 'female vocalist', 'quirky', 'american', 'indie folk']"
The North Wind Blew South,Headless Heroes,4.485940594059406,4.205346534653465,3.735445544554455,folk,sad,"['folk', 'female vocalists', 'trance', 'psychedelic', 'Out of Space', 'peace music', 'melody maker', 'indie', 'rock', 'alternative']"
Celebration,w-inds.,8.0,5.76,7.32,unknown,happy,"['favorites', 'cute', 'cheerful', 'should listen', 'dancing', 'Vision Factory', 'w-inds', 'wfl', 'My Top Musics']"
Puakenikeni,Nicole Scherzinger,7.414705882352941,6.680882352941176,6.082058823529412,pop,happy,"['Nicole Scherzinger', 'pop', 'female vocalists', 'dance', 'rnb', 'puakenikeni', 'sexy', 'hot', 'hip hop', 'dance-pop']"
Someone's Second Kiss,RJD2,5.739393939393938,3.422121212121212,5.692424242424242,electronic,happy,"['chillout', 'electronic', 'trip-hop', 'Hip-Hop', 'turntablism', 'downtempo', 'electronica', 'chill', 'instrumental hip-hop', 'hip hop']"
Mosquito Song,Queens of the Stone Age,5.111818181818181,3.671818181818182,5.199350649350649,stoner rock,happy,"['Stoner Rock', 'rock', 'alternative rock', 'acoustic', 'alternative', 'hard rock', 'Queens Of The Stone Age', 'beautiful', 'Mellow', '00s']"
Miami Showdown,Digitalism,7.19,4.8,5.32,electro,happy,"['electro', 'electronic', '2011', 'kick your ass', '10s', 'electro-house', 'instrumental', 'epic', 'german', 'play']"
L'Eté Indien,Joe Dassin,5.600285714285714,5.8917142857142855,5.78,french,happy,"['chanson francaise', 'Joe Dassin', 'french', 'Retro', 'Ballad', 'romance', 'Erotic', 'slow dance', 'chanson', 'pop']"
Regen des Verfalls,Die In Progress,3.137142857142857,5.032857142857143,3.388571428571429,noise,sad,"['noise', 'electronic', 'electronica', 'alternative', 'goth', 'hardcore', 'experimental', 'sexy', 'post-rock', 'electro']"
Overjoyed,Bastille,6.2785714285714285,3.4357142857142855,6.5200000000000005,alternative,happy,"['alternative', 'indie', 'electronic', 'bastille', 'Mellow', 'rock', 'indie pop', '10s', 'pop', 'british']"
Bpd,Ilya,2.8433333333333333,2.6133333333333333,3.22,trip-hop,sad,"['trip-hop', 'indie rock', 'sad', 'slow', '2003', 'quirky', 'trip hop', 'introspective', 'great', 'ethereal']"
Rebel on the Run,Hanoi Rocks,3.85,5.64,4.6,hard rock,sad,"['hard rock', 'rock', 'hair metal', 'glam rock', 'rock n roll', 'sleazy', 'Cock rock', 'music', 'sleaze', 'Glam Metal']"
Dungeness,Athlete,6.616567164179105,3.200746268656716,6.700597014925373,indie,happy,"['indie', 'british i like', 'british', 'Mellow', 'rock', 'indie rock', 'soft rock', '00s', 'casio rock', 'electronic']"
La Réjouissance,Georg Friedrich Händel,7.45,5.05,6.05,classical,happy,"['Classical', 'baroque', 'favorite songs', 'symphony', 'Baroque Composers', 'Barroco', 'barock', 'english', 'triumphant', 'mozart']"
Sabotage (Ordos),Jarrid Mendelson,3.44,5.63,4.04,industrial,sad,"['industrial', 'video game music', 'Harsh']"
Jar,Negură Bunget,3.4,5.57,3.9100000000000006,black metal,sad,"['black metal', 'ambient', 'folk metal', 'eerie', 'athmospheric black metal', 'Romanian', 'forest', 'progressive black metal']"
Body Machine Body (Freakangel Remix),Leæther Strip,3.94,4.36,4.83,dark electro,sad,"['dark electro', 'ebm', 'gritty', 'melodramatic']"
03 Ты мне казалась,Ласка,3.578,4.218,4.008,indie,sad,"['indie', 'pop rock', 'russian', 'Ballad', 'depression', 'lonely', 'Pop-Rock', 'heart', 'life', 'electrorock']"
Feelin' Fine,Ultrabeat,7.484999999999999,5.2375,6.9925,dance,happy,"['dance', 'party', 'Uplifting', 'BlooDxMoBx', 'pop', 'british', 'oldschool', 'happy', 'upbeat', 'summer']"
What Makes You Think You're the One,Fleetwood Mac,4.883309352517986,4.522302158273381,4.972446043165467,rock,sad,"['rock', 'classic rock', '70s', 'Fleetwood Mac', 'pop', 'alternative rock', 'hard rock', 'guitar', 'Awesome Guitar Jams', 'lindsey buckingham']"
Last Good Sleep,Company Flow,4.973714285714285,4.391714285714286,4.824285714285714,hip-hop,sad,"['Hip-Hop', 'underground hip-hop', 'dark', 'poetry', 'essential nerd rap', 'hip hop', 'rap', 'new york', 'moody', 'hiphop']"
Girl,Sibylle Baier,6.8,2.9448799999999995,6.427359999999998,folk,happy,"['folk', 'female vocalists', 'singer-songwriter', 'Mellow', 'soft', 'acoustic', 'indie', 'Lo-Fi', 'female vocalist', 'vugube62']"
America Loves Gangsters,CunninLynguists,5.65,6.6,5.57,hip-hop,happy,"['Hip-Hop', 'hip hop', 'Dope', 'rap', 'CunninLynguists', 'conversation with god', 'Real hip-hop', 'brain2brain', 'seen live', 'intense']"
04 - Pleasure and Pain,Ben Harper & The Innocent Criminals,6.62,2.97,6.8533333333333335,unknown,happy,"['Mellow', 'current favourites']"
Careless Love,Bonnie 'Prince' Billy,4.228728813559322,3.391101694915254,4.531864406779661,folk,sad,"['folk', 'singer-songwriter', 'Alt-country', 'americana', 'blues', 'soft', 'chillout', 'jazz', 'rock', 'Love']"
Square Four,Buck 65,4.4,6.0,4.48,unknown,sad,"['spooky', 'haunting', 'funky', 'personal favourites', 'adrien wayne', 'dark and long', 'Trivially Serious']"
Der Zörn Gottes,Dernière Volonté,5.4,4.23,4.59,martial industrial,happy,"['martial industrial', 'seen live', 'ambient', 'neofolk', 'martial', 'martial ambient', 'Martial Neofolk', 'Military Ambient']"
For Muzik,4minute,6.203333333333333,5.766666666666667,5.673333333333334,k-pop,happy,"['k-pop', 'Korean', '4minute', 'dance', 'r&b', 'Brutal Death Metal', 'brutal deathcore', 'pop', '2009', 'intro']"
South Pennsylvania Waltz,16 Horsepower,4.035238095238095,3.5428571428571427,3.795873015873016,country,sad,"['Alt-country', 'southern gothic', 'country', 'folkrock', 'gloomy', 'rock', 'americana', 'Awesome', 'New Weird America', 'gothabilly']"
Galaxy Gramophone,The Soundtrack of Our Lives,4.14,6.62,3.32,swedish,sad,"['swedish', 'psychedelic', 'explosive', 'brilliant', '10 of 10 stars', '1996', 'neo psychedelic', 'b side']"
Would You Mind,Janet Jackson,7.019310344827586,6.472413793103449,5.888275862068965,pop,happy,"['sexy', 'rnb', 'pop', 'female vocalists', 'janet jackson', 'soul', '2000s', 'rap', 'sensual', 'janet jackson - would you mind']"
Quarter To Seven,The Fairways,5.9,3.81,6.67,unknown,happy,"['aaa', 'earnest', 'love song', 'Rushmore', 'a mental popsicle', 'city calm down']"
French Blue,Janet Jackson,6.536666666666667,5.14,6.18,soul,happy,"['soul', 'sexy', 'dance', 'urban', 'funk', 'cool', 'b-side', 'funny', '1984', 'favorite by this singer']"
Item-Sortilegium,Laïs,3.0,5.35,3.7,folk,sad,"['folk', 'female vocalists', 'scary', '00s', 'belgian', 'close harmony', 'Vlaams', 'again', '1309fh']"
In My Life,Johnny Cash,4.9443636363636365,3.958545454545455,5.037272727272727,country,sad,"['country', 'cover', 'folk', 'Johnny Cash', 'covers', 'acoustic', 'beatles cover', 'singer-songwriter', 'sad', 'cash']"
Why Don't We Do It in the Road?,The Beatles,6.277301587301587,5.396984126984128,5.912222222222224,classic rock,happy,"['classic rock', 'rock', '60s', 'british', 'The Beatles', 'pop', 'blues rock', 'sex', 'beatles', '1968']"
Hello Sunshine,Super Furry Animals,6.787142857142857,3.970612244897959,6.312551020408163,indie,happy,"['indie', 'the oc', 'rock', 'indie rock', 'alternative', 'Mellow', 'Soundtrack', 'indie pop', 'beautiful', 'chill']"
I'm Taking the Train Home,The Twilight Sad,4.296666666666667,4.213333333333333,3.8666666666666663,indie,sad,"['indie', 'indie rock', 'shoegaze', 'Scottish', 'rock', 'trains', 'Eargasm', 'alternative', 'noise rock', 'post-rock']"
Ring My Bell,Salty Dog,3.85,5.64,4.6,rock,sad,"['rock', '80s', 'hard rock', 'hair metal', 'rock n roll', 'songs i love', 'sleazy', 'Cock rock', '80s Heavy Metal', 'sleaze']"
Quasimodo's Thump,Ernesto Schnack,7.12,6.1,6.86,acoustic,happy,"['instrumental', 'fast', 'acoustic', 'world', 'groove', 'ethnic', 'Jam', 'uptempo', 'Middle-Eastern', 'lively']"
Arrival of the Birds,The Cinematic Orchestra,4.715815899581591,3.9075732217573225,4.5557322175732216,chill,sad,"['chillout', 'beautiful', 'melancholy', 'instrumental', 'Something Beautiful', 'theinfinitesadness', 'chill', 'Soundtrack', 'epic', 'strings']"
Mr. Handagote,Tomáš Dvořák,6.546666666666667,4.283333333333333,5.753333333333334,electronic,happy,"['electronic', 'Soundtrack', 'ambient', 'chillout', 'chill', 'experimental', 'Love', 'beautiful', '8-bit', 'Soundtracks']"
Fake Plastic Trees,Radiohead,4.882053571428572,3.857321428571429,4.973392857142857,alternative,sad,"['alternative', 'alternative rock', 'rock', 'radiohead', '90s', 'british', 'beautiful', 'indie', 'sad', 'Mellow']"
Girl,John Parish & Polly Jean Harvey,4.865,3.49,5.24,alternative,sad,"['alternative', 'freedom', 'may', 'ugly', 'v0k4l str1ngs']"
Mirror,Resurrection Band,3.19,5.0,3.21,hard rock,sad,"['hard rock', 'heavy metal', 'christian rock', 'desperate', 'christian metal']"
umbrella,The Northern Coast,6.665,3.79,6.155,indie,happy,"['manc', 'indie', 'british', 'singer-songwriter', 'UK', '2008', 'unsigned', 'acoustic', 'Lo-Fi', 'beautiful']"
Strip (feat. Kevin McCall),Chris Brown,7.42,5.375,6.295,r&b,happy,"['rnb', 'r&b', 'Like', 'sensual', '5 of 10 stars']"
Underfoot,JK Flesh,4.52,3.635,4.23,industrial,sad,"['industrial', 'experimental', 'dark', 'bleak', 'Post-Industrial', 'Justin Broadrick', 'industrial dub', 'justin karl michael broadrick']"
The Wind,Billy Bob Thornton,2.7425,3.395,3.935,classic rock,sad,"['Warren Zevon', 'covers', 'classic rock', 'rock', 'country', 'alternative rock', 'Progressive rock', 'blues', 'guitar', 'cover']"
Don't Care 'bout Nothin',Shotgun Messiah,3.85,5.64,4.6,hard rock,sad,"['hard rock', 'hair metal', 'Glam Metal', '80s', 'glam rock', '80s hard rock', 'heavy metal', 'rock', 'rock n roll', 'sleazy']"
Stay and Fight,Tamar Braxton,6.37,3.945,6.22,soul,happy,"['soul', 'female vocalists', 'smooth', 'rnb', 'sophisticated', '8 of 10 stars', 'emotion', '2010s', 'drama', 'classy']"
Rewind,Stereophonics,5.827727272727272,3.855454545454545,5.800909090909092,rock,happy,"['rock', 'alternative rock', 'indie', 'indie rock', 'Stereophonics', 'alternative', 'britpop', 'british', 'Reflective', '2005']"
Supervillian Music,Chilly Gonzales,6.3933333333333335,4.986666666666666,6.3533333333333335,unknown,happy,"['seen live', 'Canadian', 'male vocalists', 'funny', 'silly']"
Resolution 7,FGFC820,3.94,4.36,4.83,ebm,sad,"['ebm', 'Harsh EBM', 'electronic', 'industrial', 'glitchy', 'Rhythmic Noise', 'gritty', 'totalitarian', 'rotating', 'back voices']"
This Time Tomorrow,Rinaldi Sings,5.711775147928994,3.4426627218934907,5.184260355029585,indie pop,happy,"['Sixties Pop', 'indie pop', 'quirky', 'upbeat', ""60's"", 'northern soul', 'mod', 'sixties', '60s pop', 'Brit-pop']"
Elusive Rmx,Ms. John Soda,7.273333333333333,3.3766666666666665,6.366666666666666,indie,happy,"['indie', 'chillout', 'femalevocalistsgdchill', 'electronic', 'warm', 'electronica', 'female', 'pop', 'indie pop', 'indie rock']"
(A Berlin) Drill,Wire,2.475,1.85,3.38,british,sad,"['soundtrackgdchill', '80s', 'british', 'experimental', 'industrial', 'post-punk', 'psychedelic', 'Avant-Garde', 'art punk', 'alternative dance']"
Gold Forever,The Wanted,6.679999999999999,4.37,5.05,pop,happy,"['pop', 'british', 'the wanted', '2011', 'UK', 'piano', 'nostalgic', 'male vocalists', 'lovely', 'nostalgia']"
Snowfaller,The Church,7.95,6.95,7.21,unknown,happy,"['Psychedelia', 'Best of 2005', 'exciting', 'grandiose', 'echoey-achey', 'icy winter', 'severe beauty']"
Ralph the Carpenter,Mike Warnke,2.816666666666667,5.1866666666666665,4.076666666666667,spoken word,sad,"['fat', 'spoken word', 'christian', 'fake', 'lies', 'greed', 'stealing', 'misc', 'theft', 'white']"
Over My Head,Moloko,4.1795,2.8274999999999997,3.783,trip-hop,sad,"['trip-hop', 'electronic', 'female vocalists', 'Moloko', 'british i like', 'british', 'alternative', 'dance', 'quirky', 'trip hop']"
Threads,This Will Destroy You,5.689814814814815,4.316111111111112,5.139814814814815,post-rock,happy,"['post-rock', 'instrumental', 'ambient', 'post rock', 'beautiful', 'atmospheric', 'experimental', 'emotional', 'melancholic', 'epic']"
Alles dreht sich,Mangara,7.17,6.33,6.62,electronic,happy,"['electronic', 'electronica', 'pop', 'downtempo', 'electro', 'tricky', 'deutsch', 'Passionate', 'great', 'elektro']"
West L.A. Fadeaway,Grateful Dead,3.3033333333333332,3.423333333333333,5.556666666666667,classic rock,sad,"['classic rock', '80s', 'blues', 'heard on Pandora', 'jam band', 'loved', 'folkrock', 'places', 'Jam Bands', '1987']"
Beautiful,Joydrop,4.893333333333334,3.6,5.011666666666667,rock,sad,"['rock', 'alternative rock', 'Canadian', 'joydrop', 'Soundtrack', 'alternative', 'female vocalists', 'beautiful', '90s', '4 Stars']"
Dviese prieglobstyje nakties,Grad_U,5.27,4.095,4.905,ambient,happy,"['ambient', 'beautiful', 'atmospheric', 'creme de la creme', 'clinical', 'lithuanian', 'Ambient Techno', 'metro downtempo', 'Torquemada', 'seasplash']"
Full of Nothing,monotalk,2.925,4.935,4.22,unknown,sad,"['Coldplay', 'paranoid', 'karma police', 'Nick Cave', 'travis', 'creep', 'Fake Plastic Trees', 'jonny greenwood', ""jane's addiction"", 'tom york']"
Wolfsblood,Misfits,1.69,3.0650000000000004,1.745,punk,sad,"['punk', 'horror punk', 'punk rock', 'hardcore punk', 'Misfits', 'rock', 'horror', 'halloween', 'old school hardcore punk', 'true hardcore punk']"
Busy,K's Choice,5.256666666666666,3.313333333333333,5.53,pop,happy,"['pop', 'alternative', 'alternative rock', 'indie pop', 'female vocalists', 'belgian', 'Ks Choice', 'hurricane festival 2010', 'indie', 'rock']"
Into the Forest,Danny Elfman,5.125,5.34,4.69,soundtrack,happy,"['Soundtrack', 'instrumental', 'ost', 'tim burton', 'Corpse Bride Soundtrack', 'danny elfman', 'Corpse Bride', 'ambient', 'dark', 'american']"
Aina Nälkä,Sielun Veljet,5.2375,5.2125,4.9875,rock,happy,"['suomirock', 'finnish', 'rock', 'punk', 'elandal loved', 'elandal pl-aggressiivinen', '80s', 'memories', 'Love', 'loud']"
Suga Mama,Beyoncé,7.03910447761194,5.686119402985074,6.029402985074627,pop,happy,"['rnb', 'pop', 'beyonce', 'female vocalists', 'sexy', 'soul', 'r&b', 'Hip-Hop', 'funky', 'funk']"
Feel So Close (Extended Mix),Calvin Harris,6.95,4.7,6.75,house,happy,"['House', 'Progressive House', 'dance', 'electro house', 'male vocals', 'electronic', 'electronica', 'alternative', 'upbeat', 'party']"
Dings,Annett Louisan,7.169999999999999,3.4949999999999997,6.04,swing,happy,"['swing', 'pop', 'german', 'deutsch', 'jazz', 'chanson', 'singer-songwriter', 'Female Voices', 'female vocalists', 'accoustic']"
White Coats,Foxes,6.526363636363636,3.557272727272727,6.153636363636363,pop,happy,"['pop', 'Mellow', 'chillout', 'chill', 'female vocalists', 'world', '3', 'World Music', 'sunflower', 'Skitz0rz']"
Old Man [Live At Massey Hall 1971],Neil Young,1.885,2.4925,2.575,classic rock,sad,"['classic rock', 'folk', 'singer-songwriter', 'Canadian', 'live', 'rock', '70s', 'acoustic', 'classic', 'country']"
Cheap Thrills,Plastic Little,5.895,4.9975,5.744166666666667,chill,happy,"['chill', 'classic', 'USA', 'dance', 'underground hip-hop', 'thoughtful', 'upbeat', 'Energetic', 'atmospheric', 'american']"
But Not for Me,Julie London,7.0,4.43,5.95,easy listening,happy,"['60s', 'easy listening', 'elegant', 'jazz', 'female vocalists', 'vocal jazz', 'oldies', 'gershwin', 'love this tune', 'cinematographical']"
The Dark,Azar Baksh,5.642,3.978,4.948,unknown,happy,"['Love', 'beautiful', 'space', 'inspirational', 'meditative', 'heart', 'english', 'powerful', 'Loving', 'touching']"
20 Years of Hell,Anti-Flag,2.485,5.7,3.72,punk,sad,"['punk', 'punk rock', 'Punk-Rock', 'Political Punk Rock', 'high energy', 'death', 'angry', '1998', 'political', 'male vocalist']"
Silk and Leather,Shelagh McDonald,4.316666666666666,1.92,4.576666666666667,folk,sad,"['folk', 'singer-songwriter', 'british', 'folk-rock', 'Mellow', 'british folk', 'autumnal', 'autumn', 'Sentimental', 'british folk-rock']"
Channel 8,Aufgang,5.88,4.05,5.67,classical,happy,"['Classical', 'jazz', 'electro', 'free', '2000s', 'midtempo', 'serious']"
Time of Our Lives,Pitbull,8.47,6.05,7.21,party,happy,"['party', 'pop', '2015', 'Ne-Yo', 'Pitbull', 'Hip-Hop', 'club', '2010s', 'electronic', 'hip hop']"
Dust,Mathias Grassow,4.32,3.55,5.17,ambient,sad,"['ambient', 'dark ambient', 'drone', 'cold', 'ambient noise', 'electronic', 'soundscape', 'Avant-Garde', 'drone ambient', 'Cold ambient']"
The Freaks,The Tiger Lillies,7.81,5.33,6.8,british,happy,"['british', 'cabaret', 'rock', 'alternative', 'weird', 'crazy', '3', 'Avant-Garde', 'comedy', 'dark cabaret']"
When the Spice Hits,John Pinette,6.983333333333333,5.1066666666666665,6.213333333333334,comedy,happy,"['comedy', 'stand-up', 'humor', 'standup', 'comedian', 'john pinette', 'Stand Up', 'stand-up comedy', 'standup comedy', 'stand up comedy']"
Lightwaves,Electric Skychurch,5.07876404494382,3.558314606741573,4.363595505617978,ambient,happy,"['ambient', 'chillout', 'atmospheric', 'vule', 'electronic', 'idm', 'Ambient Techno', 'ambient lounge', 'electronica', 'downtempo']"
Ponekad,Slađana Milošević,6.32,5.13,6.18,unknown,happy,['sophisticated']
Baiulus,The Black Atlantic,6.47,1.95,5.8,indie,happy,"['indie', 'under two minutes', 'listen more', 'folk', 'beautiful', 'quiet', 'fotomotor', 'Mars', 'shorter than 2 minutes', 'soon come to el lokal']"
愛し子よ,ルルティア,6.57,5.04,5.79,alternative,happy,"['alternative', 'singer-songwriter', 'alternative rock', 'indie pop', 'dream pop', 'creepy', 'dark lyrics', 'mystical', 'Beautiful Song', 'creepy lyrics']"
Chain of Fools,Little Caesar,3.850000000000001,5.64,4.6,hard rock,sad,"['hard rock', 'Glam Metal', 'cover', 'rock n roll', 'sleaze rock', 'rock', '80s', '90s', 'blues rock', 'cover songs']"
Broken,David Nevue,2.8125,2.2225,3.36,piano,sad,"['piano', 'instrumental', 'sad', 'melanie', 'wistful', 'soothing', 'piano solo', 'the evening shadows', 'christian piano', 'genre: contemporary piano']"
Five Years,David Bowie,5.559830508474576,4.07406779661017,4.833389830508475,glam rock,happy,"['glam rock', 'classic rock', 'rock', '70s', 'david bowie', 'glam', 'british', 'epic', 'bowie', 'alternative']"
New Dark Age / Hothouse,The Sound,3.595,2.4,2.66,new wave,sad,"['epic', 'new wave', 'post-punk', 'underrated', 'apocalyptic']"
Undress Me Now,Morcheeba,6.985063291139241,5.1112658227848105,6.115443037974683,trip-hop,happy,"['chillout', 'trip-hop', 'female vocalists', 'downtempo', 'sexy', 'electronic', 'Morcheeba', 'lounge', 'trip hop', 'chill']"
Saltarno,Ophelia's Dream,0.855049504950495,0.6884158415841585,0.775940594059406,neoclassical darkwave,sad,"['Gothic', 'neoclassical', 'ethereal', 'brilliant', 'neo-classic darkwave', 'darkwave', 'Fantasy Ambient', 'medieval ambient', 'neoclassical darkwave', 'dungeon synth']"
Gathered Years,Brightblack Morning Light,4.4,6.0,4.48,indie,sad,"['hippie shoegaze', 'chillout', 'indie', 'rock', 'indie rock', 'spooky', 'best of 2008', 'matador', 'new mexico']"
Necromancer,Gnarls Barkley,3.4462790697674417,2.23953488372093,3.113953488372093,hip-hop,sad,"['Hip-Hop', 'soul', 'funk', 'alternative', 'electronic', 'hip hop', 'pop', 'halloween', 'electronica', 'chill']"
Pack Up,Eliza Doolittle,8.051071428571428,5.767678571428573,6.93892857142857,pop,happy,"['female vocalists', 'pop', 'funky', 'british', 'soul', '2010', 'eliza doolittle', 'lizvelrene2010', 'happy', 'Pack Up']"
Poor Wayfaring Stranger,Natalie Merchant,3.806,4.1375,4.293,folk,sad,"['folk', 'female vocalists', 'melancholy', 'natalie merchant', 'acoustic', 'cover', 'Alternative Folk', 'country', 'sad', 'singer-songwriter']"
月と手のひら,Lunkhead,5.7725,3.475,5.75,unknown,happy,"['Mellow', 'japanese rock', 'Sentimental', 'tender', 'tearjerker', 'tearful']"
Beklagenswaardig Bestaan,Zelfhaat,2.92,3.915,3.94,black metal,sad,"['black metal', 'depressive black metal', 'doom metal', 'negative', 'suicidal', 'mournful', 'DSBM', 'depressive']"
Mouth Full Of Cavities,Blind Melon,4.127835051546391,4.136391752577319,4.357938144329896,grunge,sad,"['Grunge', 'Blind Melon', 'rock', 'alternative rock', 'alternative', '90s', 'acoustic', 'male-female vocal duo', 'beautiful', 'folk rock']"
That Summer Feeling,Jonathan Richman And The Modern Lovers,7.1899999999999995,4.586,6.351999999999999,indie,happy,"['indie', 'pop', 'classic rock', '80s', 'summer', 'homosexual intifada', 'ruhepuls', '70s', 'punk', 'sexy']"
Missed My Chance,Griffin House,4.985074626865671,2.0970149253731343,5.223880597014926,indie,sad,"['Mellow', 'indie', 'singer-songwriter', 'slow', 'acoustic', 'introspective', 'male vocalists', 'quiet acoustic goodness', 'list-datomm', 'music new to me']"
"Fred Jones, Part 2",Ben Folds,4.360661157024793,3.5379338842975203,5.05520661157025,sad,sad,"['sad', 'piano', 'singer-songwriter', 'rock', 'Mellow', 'alternative', 'ben folds', 'indie', 'piano rock', 'indie rock']"
Alone Together,Marit Bergman,4.72125,3.28125,4.0275,pop,sad,"['pop', 'indie pop', 'serenity', 'floaty', 'sleek', 'Bergman', 'Greatest Songs Of All Time', 'check it', 'riveting', 'MArit Bergman']"
There Ain't No Santa Claus on the Evenin' Stage,Captain Beefheart & His Magic Band,3.287159763313609,3.332366863905325,4.257041420118344,rock,sad,"['rock', 'christmas', 'blues', 'guitar', 'Alternative  Punk', 'quirky', 'bluesy', 'harmonica', 'blues rock', '1970s']"
Hallelujah,Hothouse Flowers,3.05,3.05,5.79,soft rock,sad,"['soft rock', 'heard on Pandora', 'lazy', 'the word hallelujah']"
The Best Ever Death Metal Band In Denton,The Mountain Goats,5.49081081081081,3.9587837837837823,5.12945945945946,lo-fi,happy,"['Lo-Fi', 'acoustic', 'indie', 'folk', 'hail satan', 'singer-songwriter', 'indie folk', 'quirky', 'Great Lyricists', 'narrative lyrics']"
Kill The Music Industry,Cold,3.9066666666666663,4.323333333333333,5.276666666666666,rock,sad,"['rock', 'alternative rock', '00s', 'cold', 'post-grunge', 'metal', 'hard rock', 'american', 'aggressive', 'Favorite']"
Queen Bee,Neil Halstead,7.935,4.835,6.685,indie,happy,"['indie', 'alternative', '2008', 'fun', 'warm', 'woxy', 'different', 'artists and bands i recommend or have recommended', 'anartfuldodger2010', 'Suf Ordinary']"
Gone For Good,Everlast,7.0175,4.5975,6.5475,hip-hop,happy,"['Hip-Hop', 'positive', 'chill', 'rock', 'alternative', 'alternative rock', 'summer', 'blues rock', 'sweet', 'House Of Pain']"
Marcie,Joni Mitchell,2.2575,2.115,2.165,folk,sad,"['folk', '60s', 'singer-songwriter', 'classic rock', 'female vocalists', 'melancholic', '1968', 'critically acclaimed song', 'acclaimed music top 3000 bubbling under', 'alternative']"
